{"cameraMode":{"drawMode":0,"name":"Shaded","section":"Shading Mode"},"sceneLighting":false,"audioPlay":false,"sceneViewState":{"m_AlwaysRefresh":false,"showFog":true,"showSkybox":false,"showFlares":true,"showImageEffects":true,"showParticleSystems":true,"showVisualEffectGraphs":true,"m_FxEnabled":true},"in2DMode":false,"pivot":{"x":-0.10602426528930664,"y":0.7052197456359863,"z":-0.3023567199707031},"rotation":{"x":-0.44240519404411318,"y":-0.21110841631889344,"z":0.10798710584640503,"w":-0.8649082779884338},"size":1.314658522605896,"orthographic":false}